"uniqueID","genotype"
11,"Ab"
35,"Ab"
28,"AA"
25,"aB"
27,"Ab"
15,"AA"
2,"AA"
26,"aB"
38,"BB"
17,"BB"
36,"AA"
4,"aB"
3,"aB"
19,"BB"
23,"Ab"
20,"BB"
8,"AA"
6,"BB"
9,"AA"
31,"BB"
21,"BB"
24,"aB"
10,"AA"
30,"aB"
14,"Ab"
40,"aB"
39,"aB"
16,"Ab"
33,"Ab"
22,"aB"
7,"AA"
32,"AA"
13,"aB"
1,"aB"
34,"AA"
37,"aB"
5,"aB"
12,"Ab"
